bibcode,journal,title,year,volume,doi,obj
b'2009ApJS..181..444A',b'ApJS',b'X-ray-emitting stars identified from the ROSAT All-Sky Survey and the  Sloan Digital Sky Survey.',2009,181,b'10.1088/0067-0049/181/2/444',hip 71911
b'2012A&A...546A..61D',b'A&A',b'Radial velocities for the HIPPARCOS-Gaia Hundred-Thousand-Proper-Motion  project.',2012,546,b'10.1051/0004-6361/201219219',hip 74458
b'2012MNRAS.427..343M',b'MNRAS',b'Fundamental parameters and infrared excesses of Hipparcos stars.',2012,427,b'10.1111/j.1365-2966.2012.21873.x',hip 74458
b'2011MNRAS.411..435B',b'MNRAS',b'Bayesian inference of stellar parameters and interstellar extinction  using parallaxes and multiband photometry.',2011,411,b'10.1111/j.1365-2966.2010.17699.x',hip 74458
b'2012A&A...546A..61D',b'A&A',b'Radial velocities for the HIPPARCOS-Gaia Hundred-Thousand-Proper-Motion  project.',2012,546,b'10.1051/0004-6361/201219219',tyc 3861-1374-1
b'2012MNRAS.427..343M',b'MNRAS',b'Fundamental parameters and infrared excesses of Hipparcos stars.',2012,427,b'10.1111/j.1365-2966.2012.21873.x',tyc 3861-1374-1
b'1997PNAOJ...5....1Y',b'PNAOJ',b'The Tokyo PMC Catalog 90-93: Catalog of positions of 6649 stars observed in 1990 through 1993 with Tokyo Photoelectric Meridian Circle.',1997,5,b'',tyc 3861-1374-1
b'2012A&A...546A..61D',b'A&A',b'Radial velocities for the HIPPARCOS-Gaia Hundred-Thousand-Proper-Motion  project.',2012,546,b'10.1051/0004-6361/201219219',hip 72389
b'2012MNRAS.427..343M',b'MNRAS',b'Fundamental parameters and infrared excesses of Hipparcos stars.',2012,427,b'10.1111/j.1365-2966.2012.21873.x',hip 72389
b'2011MNRAS.411..435B',b'MNRAS',b'Bayesian inference of stellar parameters and interstellar extinction  using parallaxes and multiband photometry.',2011,411,b'10.1111/j.1365-2966.2010.17699.x',hip 72389
b'2013ApJS..208...29W',b'ApJS',b'Bright 22 {mu}m excess candidates from the wise all-sky catalog and the  Hipparcos main catalog.',2013,208,b'10.1088/0067-0049/208/2/29',hip 69917
b'2012A&A...546A..61D',b'A&A',b'Radial velocities for the HIPPARCOS-Gaia Hundred-Thousand-Proper-Motion  project.',2012,546,b'10.1051/0004-6361/201219219',hip 69917
b'2012MNRAS.427..343M',b'MNRAS',b'Fundamental parameters and infrared excesses of Hipparcos stars.',2012,427,b'10.1111/j.1365-2966.2012.21873.x',hip 69917
b'2011MNRAS.410..190T',b'MNRAS',b'A catalogue of young runaway Hipparcos stars within 3 kpc from the Sun.',2011,410,b'10.1111/j.1365-2966.2010.17434.x',hip 69917
b'1997PNAOJ...5....1Y',b'PNAOJ',b'The Tokyo PMC Catalog 90-93: Catalog of positions of 6649 stars observed in 1990 through 1993 with Tokyo Photoelectric Meridian Circle.',1997,5,b'',hip 69917
b'1995A&AS..114..269D',b'A&AS',b'Vitesses radiales. Catalogue WEB: Wilson Evans Batten. Radial velocities: The Wilson-Evans-Batten catalogue.',1995,114,b'',hip 69917
b'1984A&AS...57..357O',b'A&AS',b'UBV photometry of stars whose positions are accurately known.',1984,57,b'',hip 69917
b'2010ApJ...709..733Z',b'ApJ',b'Parallactic motion for companion discovery: an M-dwarf orbiting Alcor.',2010,709,b'10.1088/0004-637X/709/2/733',hip 69650
b'2010AJ....139..919M',b'AJ',b'Discovery of a faint companion to Alcor using MMT/AO 5 {mu}m imaging.',2010,139,b'10.1088/0004-6256/139/3/919',hip 69650
b'2005JHA....36..251S',b'JHA',"b'The early search for stellar parallax : Galileo, Castelli and Ramponi.'",2005,36,b'',hip 69650
b'1999A&AS..137..451G',b'A&AS',b'Radial velocities. IX. Measurements of 2800 B2-F5 stars for Hipparcos.',1999,137,b'10.1051/aas:1999489',hip 69650
b'1992ApJ...395L..21L',b'ApJ',"b'The ultraviolet-bright stars of omega Centauri, M 3 and M 13.'",1992,395,b'10.1086/186479',hip 69650
b'1982SvA....26..368I',b'SvA',b'Energy distributions in the spectra of 10 B to A stars.',1982,26,b'',hip 69650
b'1952BAN....11..441W',b'BAN',b'Photoelectric colours of B and A-type stars in a number of Selected Areas.',1952,11,b'',hip 69650
b'2012A&A...546A..61D',b'A&A',b'Radial velocities for the HIPPARCOS-Gaia Hundred-Thousand-Proper-Motion  project.',2012,546,b'10.1051/0004-6361/201219219',hip 69958
b'2012MNRAS.427..343M',b'MNRAS',b'Fundamental parameters and infrared excesses of Hipparcos stars.',2012,427,b'10.1111/j.1365-2966.2012.21873.x',hip 69958
b'2006AstL...32..759G',b'AstL',b'Pulkovo compilation of radial velocities for 35495 stars in a common system.',2006,32,b'10.1134/S1063773706110065',hip 69958
b'1999A&AS..137..451G',b'A&AS',b'Radial velocities. IX. Measurements of 2800 B2-F5 stars for Hipparcos.',1999,137,b'10.1051/aas:1999489',hip 69958
b'1993A&AS..102..643M',b'A&AS',"b""Mesures d'etoiles doubles faites a Nice (4e serie)""",1993,102,b'',hip 69958
b'1981ApJS...45..437A',b'ApJS',b'Visual multiples. VII. MK classifications.',1981,45,b'10.1086/190719',hip 69958
b'1958AJ.....63..324P',b'AJ',b'The visual magnitudes of double stars.',1958,63,b'10.1086/107769',hip 69958
b'2013ApJS..208...29W',b'ApJS',b'Bright 22 {mu}m excess candidates from the wise all-sky catalog and the  Hipparcos main catalog.',2013,208,b'10.1088/0067-0049/208/2/29',tyc 3865-934-1
b'2012A&A...546A..61D',b'A&A',b'Radial velocities for the HIPPARCOS-Gaia Hundred-Thousand-Proper-Motion  project.',2012,546,b'10.1051/0004-6361/201219219',tyc 3865-934-1
b'2012MNRAS.427..343M',b'MNRAS',b'Fundamental parameters and infrared excesses of Hipparcos stars.',2012,427,b'10.1111/j.1365-2966.2012.21873.x',tyc 3865-934-1
b'2006AstL...32..759G',b'AstL',b'Pulkovo compilation of radial velocities for 35495 stars in a common system.',2006,32,b'10.1134/S1063773706110065',tyc 3865-934-1
b'1997A&AS..124..255F',b'A&AS',"b""Mesures de vitesses radiales. VIII. Accompagnement au sol du programme d'observation du satellite Hipparcos Radial velocities. VIII. Ground based measurements for Hipparcos.""",1997,124,b'',tyc 3865-934-1
b'1989PBeiO..14...12L',b'PBeiO',b'Third preliminary catalogue of stars observed with the photoelectric astrolabe of the Beijing Astronomical Observatory.',1989,14,b'',tyc 3865-934-1
b'1985A&AS...59..461O',b'A&AS',b'UBV photometry of stars whose positions are accurately known. II.',1985,59,b'',tyc 3865-934-1
b'1972AN....294....1J',b'AN',b'Uber die veranderlichkeit der sterne des spektraltyps A.',1972,294,b'10.1002/asna.19722940102',tyc 3865-934-1
b'2015ApJ...804..146D',b'ApJ',"b'The ages of early-type stars: Stromgren photometric methods calibrated, validated, tested, and applied to hosts and prospective hosts of directly imaged exoplanets.'",2015,804,b'10.1088/0004-637X/804/2/146',hip 73730
b'2015A&A...580A..23P',b'A&A',b'A new catalogue of Stroemgren-Crawford uvby{beta} photometry.',2015,580,b'10.1051/0004-6361/201526413',hip 73730
b'2012MNRAS.427..343M',b'MNRAS',b'Fundamental parameters and infrared excesses of Hipparcos stars.',2012,427,b'10.1111/j.1365-2966.2012.21873.x',hip 73730
b'2012A&A...546A..61D',b'A&A',b'Radial velocities for the HIPPARCOS-Gaia Hundred-Thousand-Proper-Motion  project.',2012,546,b'10.1051/0004-6361/201219219',hip 73730
b'2011A&A...530A.138C',b'A&A',b'New constraints on the chemical evolution of the solar neighbourhood and Galactic disc(s). Improved astrophysical parameters for the  Geneva-Copenhagen survey.',2011,530,b'10.1051/0004-6361/201016276',hip 73730
b'2009A&A...501..941H',b'A&A',"b'The Geneva-Copenhagen survey of the solar neighbourhood. III. Improved  distances, ages, and kinematics.'",2009,501,b'10.1051/0004-6361/200811191',hip 73730
b'2009ApJS..181..444A',b'ApJS',b'X-ray-emitting stars identified from the ROSAT All-Sky Survey and the  Sloan Digital Sky Survey.',2009,181,b'10.1088/0067-0049/181/2/444',hip 73730
b'2006AstL...32..759G',b'AstL',b'Pulkovo compilation of radial velocities for 35495 stars in a common system.',2006,32,b'10.1134/S1063773706110065',hip 73730
b'2004A&A...418..989N',b'A&A',"b'The Geneva-Copenhagen survey of the Solar neighbourhood. Ages, metallicities, and kinematic properties of ~14000 F and G  dwarfs.'",2004,418,b'10.1051/0004-6361:20035959',hip 73730
b'1995A&AS..114..269D',b'A&AS',b'Vitesses radiales. Catalogue WEB: Wilson Evans Batten. Radial velocities: The Wilson-Evans-Batten catalogue.',1995,114,b'',hip 73730
b'1950ApJ...112...48M',b'ApJ',"b'Radial velocities, spectral types and luminosity classes of 820 stars.'",1950,112,b'10.1086/145318',hip 73730
b'2015A&A...580A..23P',b'A&A',b'A new catalogue of Stroemgren-Crawford uvby{beta} photometry.',2015,580,b'10.1051/0004-6361/201526413',tyc 3875-762-1
b'2012A&A...546A..61D',b'A&A',b'Radial velocities for the HIPPARCOS-Gaia Hundred-Thousand-Proper-Motion  project.',2012,546,b'10.1051/0004-6361/201219219',tyc 3875-762-1
b'2012MNRAS.427..343M',b'MNRAS',b'Fundamental parameters and infrared excesses of Hipparcos stars.',2012,427,b'10.1111/j.1365-2966.2012.21873.x',tyc 3875-762-1
b'2011A&A...530A.138C',b'A&A',b'New constraints on the chemical evolution of the solar neighbourhood and Galactic disc(s). Improved astrophysical parameters for the  Geneva-Copenhagen survey.',2011,530,b'10.1051/0004-6361/201016276',tyc 3875-762-1
b'2009A&A...501..941H',b'A&A',"b'The Geneva-Copenhagen survey of the solar neighbourhood. III. Improved  distances, ages, and kinematics.'",2009,501,b'10.1051/0004-6361/200811191',tyc 3875-762-1
b'2007ApJS..169..430R',b'ApJS',b'The N2K consortium. VII. Atmospheric parameters of 1907 metal-rich stars: finding planet-search targets.',2007,169,b'10.1086/513108',tyc 3875-762-1
b'2006AstL...32..759G',b'AstL',b'Pulkovo compilation of radial velocities for 35495 stars in a common system.',2006,32,b'10.1134/S1063773706110065',tyc 3875-762-1
b'2004A&A...418..989N',b'A&A',"b'The Geneva-Copenhagen survey of the Solar neighbourhood. Ages, metallicities, and kinematic properties of ~14000 F and G  dwarfs.'",2004,418,b'10.1051/0004-6361:20035959',tyc 3875-762-1
b'1998A&AS..129..431H',b'A&AS',b'uvby{beta} photoelectric photometric catalogue.',1998,129,b'10.1051/aas:1998195',tyc 3875-762-1
b'1997A&AS..124..255F',b'A&AS',"b""Mesures de vitesses radiales. VIII. Accompagnement au sol du programme d'observation du satellite Hipparcos Radial velocities. VIII. Ground based measurements for Hipparcos.""",1997,124,b'',tyc 3875-762-1
b'1991PBeiO..18...43L',b'PBeiO',b'The period analysis of the new delta Scuti star HR 5437.',1991,18,b'',tyc 3875-762-1
b'1990IBVS.3451....1P',b'IBVS',b'Confusion concerning the variability of HR 5492 (=DL Dra) and HR 5437.',1990,3451,b'',tyc 3875-762-1
b'1988ACiCh..22....1J',b'ACiCh',b'HR 5437 is a new delta Scuti type variable.',1988,22,b'',tyc 3875-762-1
b'1983A&AS...53..223H',b'A&AS',b'Meridian observations made with the Carlsberg automatic meridian circle at Brorfelde (Copenhagen University Observatory) 1981-1982.',1983,53,b'',tyc 3875-762-1
b'1982ApJS...50..451P',b'ApJS',b'A photometric map of interstellar reddening within 300 parsecs.',1982,50,b'10.1086/190833',tyc 3875-762-1
b'1981Ap&SS..79..463B',b'Ap&SS',b'Study of the variability of the del Sct stars.',1981,79,b'10.1007/BF00649441',tyc 3875-762-1
b'2015A&A...580A..23P',b'A&A',b'A new catalogue of Stroemgren-Crawford uvby{beta} photometry.',2015,580,b'10.1051/0004-6361/201526413',tyc 3867-281-1
b'2015ApJ...804..146D',b'ApJ',"b'The ages of early-type stars: Stromgren photometric methods calibrated, validated, tested, and applied to hosts and prospective hosts of directly imaged exoplanets.'",2015,804,b'10.1088/0004-637X/804/2/146',tyc 3867-281-1
b'2012MNRAS.427..343M',b'MNRAS',b'Fundamental parameters and infrared excesses of Hipparcos stars.',2012,427,b'10.1111/j.1365-2966.2012.21873.x',tyc 3867-281-1
b'2012A&A...537A.120Z',b'A&A',b'Rotational velocities of A-type stars. IV. Evolution of rotational  velocities.',2012,537,b'10.1051/0004-6361/201117691',tyc 3867-281-1
b'2012A&A...546A..61D',b'A&A',b'Radial velocities for the HIPPARCOS-Gaia Hundred-Thousand-Proper-Motion  project.',2012,546,b'10.1051/0004-6361/201219219',tyc 3867-281-1
b'2007A&A...463..671R',b'A&A',b'Rotational velocities of A-type stars. III. Velocity distributions.',2007,463,b'10.1051/0004-6361:20065224',tyc 3867-281-1
b'2006AstL...32..759G',b'AstL',b'Pulkovo compilation of radial velocities for 35495 stars in a common system.',2006,32,b'10.1134/S1063773706110065',tyc 3867-281-1
b'2002A&A...393..897R',b'A&A',b'Rotational velocities of A-type stars. II. Measurement of vsini in the northern hemisphere.',2002,393,b'10.1051/0004-6361:20020943',tyc 3867-281-1
b'2001A&A...373..625P',b'A&A',b'A spectroscopic survey for {lambda} Bootis stars. II. The observational data.',2001,373,b'10.1051/0004-6361:20010630',tyc 3867-281-1
b'2000ApJ...529..224P',b'ApJ',b'Fluorescent molecular hydrogen in the extragalactic giant H II region NGC 5461.',2000,529,b'10.1086/308269',tyc 3867-281-1
b'1998A&AS..129..431H',b'A&AS',b'uvby{beta} photoelectric photometric catalogue.',1998,129,b'10.1051/aas:1998195',tyc 3867-281-1
b'1997A&AS..124..255F',b'A&AS',"b""Mesures de vitesses radiales. VIII. Accompagnement au sol du programme d'observation du satellite Hipparcos Radial velocities. VIII. Ground based measurements for Hipparcos.""",1997,124,b'',tyc 3867-281-1
b'1995ApJS...99..135A',b'ApJS',b'The relation between rotational velocities and spectral peculiarities among A-type stars.',1995,99,b'10.1086/192182',tyc 3867-281-1
b'1995A&AS..114..269D',b'A&AS',b'Vitesses radiales. Catalogue WEB: Wilson Evans Batten. Radial velocities: The Wilson-Evans-Batten catalogue.',1995,114,b'',tyc 3867-281-1
b'1994PASP..106..992H',b'PASP',b'Speckle imaging with the MAMA detector : preliminary results.',1994,106,b'10.1086/133472',tyc 3867-281-1
b'1989AJ.....97..510M',b'AJ',b'ICCD speckle observations of binary stars. IV. Measurements during 1986-1988 from the Kitt Peak 4m telescope.',1989,97,b'10.1086/115001',tyc 3867-281-1
b'1982SvA....26..368I',b'SvA',b'Energy distributions in the spectra of 10 B to A stars.',1982,26,b'',tyc 3867-281-1
b'1974AJ.....79.1082E',b'AJ',b'Study of delta Scuti variables.',1974,79,b'10.1086/111657',tyc 3867-281-1
b'1972AN....294....1J',b'AN',b'Uber die veranderlichkeit der sterne des spektraltyps A.',1972,294,b'10.1002/asna.19722940102',tyc 3867-281-1
b'1966AJ.....71..709C',b'AJ',b'Photoelectric H-beta photometry for 1217 stars brighter than V= 6.5 mag.',1966,71,b'10.1086/110176',tyc 3867-281-1
b'2015A&A...580A..23P',b'A&A',b'A new catalogue of Stroemgren-Crawford uvby{beta} photometry.',2015,580,b'10.1051/0004-6361/201526413',tyc 3867-1373-1
b'2012A&A...537A.120Z',b'A&A',b'Rotational velocities of A-type stars. IV. Evolution of rotational  velocities.',2012,537,b'10.1051/0004-6361/201117691',tyc 3867-1373-1
b'2012MNRAS.427..343M',b'MNRAS',b'Fundamental parameters and infrared excesses of Hipparcos stars.',2012,427,b'10.1111/j.1365-2966.2012.21873.x',tyc 3867-1373-1
b'2012A&A...546A..61D',b'A&A',b'Radial velocities for the HIPPARCOS-Gaia Hundred-Thousand-Proper-Motion  project.',2012,546,b'10.1051/0004-6361/201219219',tyc 3867-1373-1
b'2011SerAJ.182...35D',b'SerAJ',b'Corrected {mu}delta for stars of Hipparcos catalogue from independent latitude observations over many decades.',2011,182,b'10.2298/SAJ1182035D',tyc 3867-1373-1
b'2007A&A...463..671R',b'A&A',b'Rotational velocities of A-type stars. III. Velocity distributions.',2007,463,b'10.1051/0004-6361:20065224',tyc 3867-1373-1
b'2006AstL...32..759G',b'AstL',b'Pulkovo compilation of radial velocities for 35495 stars in a common system.',2006,32,b'10.1134/S1063773706110065',tyc 3867-1373-1
b'2002A&A...386..854G',b'A&A',b'Near infrared observations of soft X-ray selected AGN.',2002,386,b'10.1051/0004-6361:20020270',tyc 3867-1373-1
b'2002A&A...393..897R',b'A&A',b'Rotational velocities of A-type stars. II. Measurement of vsini in the northern hemisphere.',2002,393,b'10.1051/0004-6361:20020943',tyc 3867-1373-1
b'1998A&AS..129..431H',b'A&AS',b'uvby{beta} photoelectric photometric catalogue.',1998,129,b'10.1051/aas:1998195',tyc 3867-1373-1
b'1996A&AS..118..239H',b'A&AS',b'The photoelectric astrolabe catalogue of Yunnan Observatory (YPAC).',1996,118,b'',tyc 3867-1373-1
b'1996A&AS..115..401J',b'A&AS',b'uvbyH_{beta}_ photometry of main sequence A type stars.',1996,115,b'',tyc 3867-1373-1
b'1995A&AS..114..269D',b'A&AS',b'Vitesses radiales. Catalogue WEB: Wilson Evans Batten. Radial velocities: The Wilson-Evans-Batten catalogue.',1995,114,b'',tyc 3867-1373-1
b'1995ApJS...99..135A',b'ApJS',b'The relation between rotational velocities and spectral peculiarities among A-type stars.',1995,99,b'10.1086/192182',tyc 3867-1373-1
b'1994IBVS.4114....1P',b'IBVS',b'APT observations of small-amplitude red variables.',1994,4114,b'',tyc 3867-1373-1
b'1992A&AS...93..441L',b'A&AS',b'The delta Scuti star HD 127759.',1992,93,b'',tyc 3867-1373-1
b'1992A&AS...93...87L',b'A&AS',b'The delta Scuti star HR 5437.',1992,93,b'',tyc 3867-1373-1
b'1990A&AS...85.1069S',b'A&AS',b'MK classification and photometry of stars used for time and latitude observations at Mizusawa and Washington.',1990,85,b'',tyc 3867-1373-1
b'1987PASP...99.1184P',b'PASP',b'A catalog of bright uvby beta standard stars.',1987,99,b'10.1086/132103',tyc 3867-1373-1
b'1984PASP...96..441G',b'PASP',b'Photoelectric UBV photometry for 317 PZT and VZT stars.',1984,96,b'10.1086/131362',tyc 3867-1373-1
b'1978A&AS...33...15C',b'A&AS',b'Spectral classification from the ultraviolet line features of S2/68 spectra III. Early A-type stars.',1978,33,b'',tyc 3867-1373-1
b'1975A&A....43..111H',b'A&A',"b'Absolute luminosity calibration of Stroemgren\'s ""intermediate group"".'",1975,43,b'',tyc 3867-1373-1
b'1972AN....294....1J',b'AN',b'Uber die veranderlichkeit der sterne des spektraltyps A.',1972,294,b'10.1002/asna.19722940102',tyc 3867-1373-1
b'1972A&AS....5..109C',b'A&AS',b'Four-color and H beta photometry for the brighter A0-type stars.',1972,5,b'',tyc 3867-1373-1
b'1970A&AS....1..189F',b'A&AS',b'A catalogue of proper motions for 437 A stars.',1970,1,b'',tyc 3867-1373-1
b'1970A&AS....1..165J',b'A&AS',b'Photoelectric observations of early A stars.',1970,1,b'',tyc 3867-1373-1
b'2015A&A...580A..23P',b'A&A',b'A new catalogue of Stroemgren-Crawford uvby{beta} photometry.',2015,580,b'10.1051/0004-6361/201526413',tyc 4173-609-1
b'2012A&A...546A..69M',b'A&A',b'Dynamical masses of a selected sample of orbital binaries.',2012,546,b'10.1051/0004-6361/201219774',tyc 4173-609-1
b'2012MNRAS.427..343M',b'MNRAS',b'Fundamental parameters and infrared excesses of Hipparcos stars.',2012,427,b'10.1111/j.1365-2966.2012.21873.x',tyc 4173-609-1
b'2012A&A...537A.120Z',b'A&A',b'Rotational velocities of A-type stars. IV. Evolution of rotational  velocities.',2012,537,b'10.1051/0004-6361/201117691',tyc 4173-609-1
b'2012A&A...546A..61D',b'A&A',b'Radial velocities for the HIPPARCOS-Gaia Hundred-Thousand-Proper-Motion  project.',2012,546,b'10.1051/0004-6361/201219219',tyc 4173-609-1
b'2011MNRAS.415.1105S',b'MNRAS',b'Distance limits to intermediate- and high-velocity clouds.',2011,415,b'10.1111/j.1365-2966.2011.18647.x',tyc 4173-609-1
b'2010AJ....140.1078D',b'AJ',"b'EMCCD speckle interferometry with the 6 M telescope: astrometric  measurements, differential photometry, and orbits.'",2010,140,b'10.1088/0004-6256/140/4/1078',tyc 4173-609-1
b'2010A&A...515A.111S',b'A&A',b'The PASTEL catalogue of stellar parameters.',2010,515,b'10.1051/0004-6361/201014247',tyc 4173-609-1
b'2009AJ....138..813H',b'AJ',b'Speckle interferometry at mount wilson observatory: observations obtained  in 2006-2007 and 35 new orbits.',2009,138,b'10.1088/0004-6256/138/3/813',tyc 4173-609-1
b'2007A&A...463..671R',b'A&A',b'Rotational velocities of A-type stars. III. Velocity distributions.',2007,463,b'10.1051/0004-6361:20065224',tyc 4173-609-1
b'2006A&A...450..735M',b'A&A',b'Effective temperature scale and bolometric corrections from 2MASS photometry.',2006,450,b'10.1051/0004-6361:20054021',tyc 4173-609-1
b'2005ApJ...629..507A',b'ApJ',b'Observed orbital eccentricities.',2005,629,b'10.1086/431207',tyc 4173-609-1
b'2004ApJ...616..562A',b'ApJ',b'Tidal effects in binaries of various periods.',2004,616,b'10.1086/423795',tyc 4173-609-1
b'2002A&A...393..897R',b'A&A',b'Rotational velocities of A-type stars. II. Measurement of vsini in the northern hemisphere.',2002,393,b'10.1051/0004-6361:20020943',tyc 4173-609-1
b'2000AJ....119.3084H',b'AJ',"b'ICCD speckle observations of binary stars. XXIII. Measurements during 1982-1997 from six telescopes, with 14 new orbits.'",2000,119,b'10.1086/301402',tyc 4173-609-1
b'1998A&AS..129..431H',b'A&AS',b'uvby{beta} photoelectric photometric catalogue.',1998,129,b'10.1051/aas:1998195',tyc 4173-609-1
b'1997AJ....114.1623F',b'AJ',b'ICCD speckle observations of binary stars. XVI. Measurements during 1982-1989 from the Perkins 1.8-m telescope.',1997,114,b'10.1086/118593',tyc 4173-609-1
b'1997AJ....114.1639H',b'AJ',b'ICCD speckle observations of binary stars. XVII. Measurements during 1993-1995 from the Mount Wilson 2.5-m telescope.',1997,114,b'10.1086/118594',tyc 4173-609-1
b'1995ApJS...99..135A',b'ApJS',b'The relation between rotational velocities and spectral peculiarities among A-type stars.',1995,99,b'10.1086/192182',tyc 4173-609-1
b'1995PASP..107.1034S',b'PASP',b'The X-ray emission of A-type stars.',1995,107,b'10.1086/133659',tyc 4173-609-1
b'1995A&AS..114..269D',b'A&AS',b'Vitesses radiales. Catalogue WEB: Wilson Evans Batten. Radial velocities: The Wilson-Evans-Batten catalogue.',1995,114,b'',tyc 4173-609-1
b'1993PASP..105...36S',b'PASP',b'All-sky Stromgren photometry of Speckle binary stars.',1993,105,b'10.1086/133123',tyc 4173-609-1
b'1993AJ....106.1639M',b'AJ',b'ICCD speckle observations of binary stars. X. A further survey for duplicity among the bright stars.',1993,106,b'10.1086/116753',tyc 4173-609-1
b'1991A&AS...89..415O',b'A&AS',b'UBV photometry of stars whose positions are accurately known. VI.',1991,89,b'',tyc 4173-609-1
b'1990AJ.....99..965M',b'AJ',b'ICCD speckle observations of binary stars. V. Measurements during 1988-1989 from the Kitt Peak and the Cerro Tololo 4m telescopes.',1990,99,b'10.1086/115387',tyc 4173-609-1
b'1989AJ.....97..510M',b'AJ',b'ICCD speckle observations of binary stars. IV. Measurements during 1986-1988 from the Kitt Peak 4m telescope.',1989,97,b'10.1086/115001',tyc 4173-609-1
b'1980A&A....85...93M',b'A&A',b'Prediction of spectral classification from photometric observations -application to the uvby beta photometry and the MK spectral classification. II. General case.',1980,85,b'',tyc 4173-609-1
b'1972AN....294....1J',b'AN',b'Uber die veranderlichkeit der sterne des spektraltyps A.',1972,294,b'10.1002/asna.19722940102',tyc 4173-609-1
b'1972A&A....18..428D',b'A&A',b'Rotation of evolving A and F stars.',1972,18,b'',tyc 4173-609-1
b'1966AJ.....71..709C',b'AJ',b'Photoelectric H-beta photometry for 1217 stars brighter than V= 6.5 mag.',1966,71,b'10.1086/110176',tyc 4173-609-1
b'2015A&A...580A..23P',b'A&A',b'A new catalogue of Stroemgren-Crawford uvby{beta} photometry.',2015,580,b'10.1051/0004-6361/201526413',tyc 3471-233-1
b'2015ApJ...804..146D',b'ApJ',"b'The ages of early-type stars: Stromgren photometric methods calibrated, validated, tested, and applied to hosts and prospective hosts of directly imaged exoplanets.'",2015,804,b'10.1088/0004-637X/804/2/146',tyc 3471-233-1
b'2015ApJS..216...33F',b'ApJS',b'Probing the Local Bubble with diffuse interstellar bands. III. The northern hemisphere data and catalog.',2015,216,b'10.1088/0067-0049/216/2/33',tyc 3471-233-1
b'2014A&A...562A..65S',b'A&A',b'Spectrophotometric analysis of the 5200 {AA} region for peculiar and normal stars.',2014,562,b'10.1051/0004-6361/201322300',tyc 3471-233-1
b'2013ApJS..208...29W',b'ApJS',b'Bright 22 {mu}m excess candidates from the wise all-sky catalog and the  Hipparcos main catalog.',2013,208,b'10.1088/0067-0049/208/2/29',tyc 3471-233-1
b'2012AJ....143...28F',b'AJ',b'High ionization species in the nearby interstellar medium from an  exhaustive analysis of the IUE INES database.',2012,143,b'10.1088/0004-6256/143/2/28',tyc 3471-233-1
b'2012AstL...38..694G',b'AstL',b'Spatial distribution and kinematics of OB stars.',2012,38,b'10.1134/S1063773712110035',tyc 3471-233-1
b'2012A&A...537A.120Z',b'A&A',b'Rotational velocities of A-type stars. IV. Evolution of rotational  velocities.',2012,537,b'10.1051/0004-6361/201117691',tyc 3471-233-1
b'2012ApJS..199....8G',b'ApJS',b'A compilation of interstellar column densities.',2012,199,b'10.1088/0067-0049/199/1/8',tyc 3471-233-1
b'2012A&A...546A..61D',b'A&A',b'Radial velocities for the HIPPARCOS-Gaia Hundred-Thousand-Proper-Motion  project.',2012,546,b'10.1051/0004-6361/201219219',tyc 3471-233-1
b'2012MNRAS.427..343M',b'MNRAS',b'Fundamental parameters and infrared excesses of Hipparcos stars.',2012,427,b'10.1111/j.1365-2966.2012.21873.x',tyc 3471-233-1
b'2011SerAJ.182...35D',b'SerAJ',b'Corrected {mu}delta for stars of Hipparcos catalogue from independent latitude observations over many decades.',2011,182,b'10.2298/SAJ1182035D',tyc 3471-233-1
b'2010A&A...510A..54W',b'A&A',b'New 3D gas density maps of NaI and CaII interstellar absorption within  300 pc.',2010,510,b'10.1051/0004-6361/200913202',tyc 3471-233-1
b'2009A&A...498..961R',b'A&A',"b'Catalogue of Ap, HgMn and Am stars.'",2009,498,b'10.1051/0004-6361/200810788',tyc 3471-233-1
b'2007A&A...464..377F',b'A&A',b'Proper-motion binaries in the Hipparcos catalogue. Comparison with radial velocity data.',2007,464,b'10.1051/0004-6361:20065526',tyc 3471-233-1
b'2007A&A...463..671R',b'A&A',b'Rotational velocities of A-type stars. III. Velocity distributions.',2007,463,b'10.1051/0004-6361:20065224',tyc 3471-233-1
b'2006AstL...32..759G',b'AstL',b'Pulkovo compilation of radial velocities for 35495 stars in a common system.',2006,32,b'10.1134/S1063773706110065',tyc 3471-233-1
b'2005AJ....129.2420M',b'AJ',b'Statistical constraints for astrometric binaries with nonlinear motion.',2005,129,b'10.1086/429590',tyc 3471-233-1
b'2005NewA...10..237Z',b'NewA',b'Some implications of the introduction of scattered starlight in the spectrum of reddened stars.',2005,10,b'10.1016/j.newast.2004.10.004',tyc 3471-233-1
b'2003A&A...411..447L',b'A&A',b'3D mapping of the dense interstellar gas around the Local Bubble.',2003,411,b'10.1051/0004-6361:20031214',tyc 3471-233-1
b'2002A&A...392.1031A',b'A&A',b'On the effective temperatures and surface gravities of superficially normal main sequence band B and A stars.',2002,392,b'10.1051/0004-6361:20020889',tyc 3471-233-1
b'2002A&A...393..897R',b'A&A',b'Rotational velocities of A-type stars. II. Measurement of vsini in the northern hemisphere.',2002,393,b'10.1051/0004-6361:20020943',tyc 3471-233-1
b'1999AJ....117.1890M',b'AJ',b'Speckle interferometry of new and problem Hipparcos binaries.',1999,117,b'10.1086/300823',tyc 3471-233-1
b'1998A&AS..129..431H',b'A&AS',b'uvby{beta} photoelectric photometric catalogue.',1998,129,b'10.1051/aas:1998195',tyc 3471-233-1
b'1998A&A...335..973W',b'A&A',b'Magnetic field models for A and B stars. V. The magnetic field and photometric variation of 84 Ursae Majoris.',1998,335,b'',tyc 3471-233-1
b'1998A&AS..128..573M',b'A&AS',b'{DELTA}a and Stroemgren photometry of stars in the Renson-catalogue of Ap and Am stars.',1998,128,b'10.1051/aas:1998164',tyc 3471-233-1
b'1997A&AS..124..255F',b'A&AS',"b""Mesures de vitesses radiales. VIII. Accompagnement au sol du programme d'observation du satellite Hipparcos Radial velocities. VIII. Ground based measurements for Hipparcos.""",1997,124,b'',tyc 3471-233-1
b'1996A&AS..118..239H',b'A&AS',b'The photoelectric astrolabe catalogue of Yunnan Observatory (YPAC).',1996,118,b'',tyc 3471-233-1
b'1995ApJS...99..135A',b'ApJS',b'The relation between rotational velocities and spectral peculiarities among A-type stars.',1995,99,b'10.1086/192182',tyc 3471-233-1
b'1995A&AS..114..269D',b'A&AS',b'Vitesses radiales. Catalogue WEB: Wilson Evans Batten. Radial velocities: The Wilson-Evans-Batten catalogue.',1995,114,b'',tyc 3471-233-1
b'1991A&AS...89..429R',b'A&AS',b'General catalogue of Ap and Am stars.',1991,89,b'',tyc 3471-233-1
b'1991PBeiO..17..120W',b'PBeiO',"b'Fourth preliminary catalogue of stars, right ascension observed with photoelectric transit instrument (PPCP4).'",1991,17,b'',tyc 3471-233-1
b'1985A&AS...60...99W',b'A&AS',b'The local system of early type stars. Spatial extent and kinematics.',1985,60,b'',tyc 3471-233-1
b'1985IAUS..111..271H',b'IAUS',b'Calibration in temperature of photometric parameters.',1985,111,b'',tyc 3471-233-1
b'1984AN....305..199M',b'AN',b'Verbesserung des Sternorter des Potsdamer PZT-Katalogs.',1984,305,b'10.1002/asna.2113050409',tyc 3471-233-1
b'1980AJ.....85..836W',b'AJ',b'Spectrophotometry of peculiar B and A stars. IV. Secondary standards and the Ap stars HD 10783 and CU Vir.',1980,85,b'10.1086/112745',tyc 3471-233-1
b'1980ApJS...43..491A',b'ApJS',"b'Spectrophotometry oF B, A, and f stars. II.'",1980,43,b'10.1086/190679',tyc 3471-233-1
b'1978A&AS...32..409G',b'A&AS',b'Space velocities and ages of nearby early-type stars.',1978,32,b'',tyc 3471-233-1
b'1977ATsir.969....7L',b'ATsir',b'Possibly near-by open clusters.',1977,969,b'',tyc 3471-233-1
b'1974ApJS...28..101D',b'ApJS',b'Rotational velocities of A0 stars.',1974,28,b'10.1086/190312',tyc 3471-233-1
b'1972A&AS....5..109C',b'A&AS',b'Four-color and H beta photometry for the brighter A0-type stars.',1972,5,b'',tyc 3471-233-1
b'1972AN....294....1J',b'AN',b'Uber die veranderlichkeit der sterne des spektraltyps A.',1972,294,b'10.1002/asna.19722940102',tyc 3471-233-1
b'1970A&AS....1..165J',b'A&AS',b'Photoelectric observations of early A stars.',1970,1,b'',tyc 3471-233-1
b'1970A&AS....1..189F',b'A&AS',b'A catalogue of proper motions for 437 A stars.',1970,1,b'',tyc 3471-233-1
b'1969ApJ...157.1101G',b'ApJ',b'Observations of the 21-cm hydrogen line toward high-latitude stars.',1969,157,b'10.1086/150139',tyc 3471-233-1
b'2015ApJ...804..146D',b'ApJ',"b'The ages of early-type stars: Stromgren photometric methods calibrated, validated, tested, and applied to hosts and prospective hosts of directly imaged exoplanets.'",2015,804,b'10.1088/0004-637X/804/2/146',hip 68637
b'2015A&A...580A..23P',b'A&A',b'A new catalogue of Stroemgren-Crawford uvby{beta} photometry.',2015,580,b'10.1051/0004-6361/201526413',hip 68637
b'2013ApJ...775..115U',b'ApJ',b'The inner kiloparsec of Mrk 273 with Keck adaptive optics.',2013,775,b'10.1088/0004-637X/775/2/115',hip 68637
b'2012AstL...38..694G',b'AstL',b'Spatial distribution and kinematics of OB stars.',2012,38,b'10.1134/S1063773712110035',hip 68637
b'2012A&A...546A..61D',b'A&A',b'Radial velocities for the HIPPARCOS-Gaia Hundred-Thousand-Proper-Motion  project.',2012,546,b'10.1051/0004-6361/201219219',hip 68637
b'2012A&A...537A.120Z',b'A&A',b'Rotational velocities of A-type stars. IV. Evolution of rotational  velocities.',2012,537,b'10.1051/0004-6361/201117691',hip 68637
b'2012MNRAS.427..343M',b'MNRAS',b'Fundamental parameters and infrared excesses of Hipparcos stars.',2012,427,b'10.1111/j.1365-2966.2012.21873.x',hip 68637
b'2011SerAJ.182...35D',b'SerAJ',b'Corrected {mu}delta for stars of Hipparcos catalogue from independent latitude observations over many decades.',2011,182,b'10.2298/SAJ1182035D',hip 68637
b'2011ApJS..197...19K',b'ApJS',b'The first hundred brown dwarfs discovered by the Wide-field Infrared  Survey Explorer (WISE).',2011,197,b'10.1088/0067-0049/197/2/19',hip 68637
b'2009ApJS..185..289R',b'ApJS',b'The infrared telescope facility (IRTF) spectral library: cool stars.',2009,185,b'10.1088/0067-0049/185/2/289',hip 68637
b'2009A&A...498..961R',b'A&A',"b'Catalogue of Ap, HgMn and Am stars.'",2009,498,b'10.1051/0004-6361/200810788',hip 68637
b'2008CoSka..38...87S',b'CoSka',b'History of CP stars.',2008,38,b'',hip 68637
b'2008AJ....135.2245R',b'AJ',b'Absolute physical calibration in the infrared.',2008,135,b'10.1088/0004-6256/135/6/2245',hip 68637
b'2008MNRAS.389..869E',b'MNRAS',b'A catalogue of multiplicity among bright stellar systems.',2008,389,b'10.1111/j.1365-2966.2008.13596.x',hip 68637
b'2007A&A...463..671R',b'A&A',b'Rotational velocities of A-type stars. III. Velocity distributions.',2007,463,b'10.1051/0004-6361:20065224',hip 68637
b'2002A&A...393..897R',b'A&A',b'Rotational velocities of A-type stars. II. Measurement of vsini in the northern hemisphere.',2002,393,b'10.1051/0004-6361:20020943',hip 68637
b'2001A&A...367..521P',b'A&A',b'Catalogue of Apparent Diameters and Absolute Radii of Stars (CADARS) - Third edition - Comments and statistics.',2001,367,b'10.1051/0004-6361:20000451',hip 68637
b'1998A&AS..128..573M',b'A&AS',b'{DELTA}a and Stroemgren photometry of stars in the Renson-catalogue of Ap and Am stars.',1998,128,b'10.1051/aas:1998164',hip 68637
b'1998A&A...335..173H',b'A&A',b'A reliable transformation of Hipparcos H_p_ magnitudes into Johnson V and B magnitudes.',1998,335,b'',hip 68637
b'1998A&AS..129..431H',b'A&AS',b'uvby{beta} photoelectric photometric catalogue.',1998,129,b'10.1051/aas:1998195',hip 68637
b'1995ApJS...99..135A',b'ApJS',b'The relation between rotational velocities and spectral peculiarities among A-type stars.',1995,99,b'10.1086/192182',hip 68637
b'1995A&AS..114..269D',b'A&AS',b'Vitesses radiales. Catalogue WEB: Wilson Evans Batten. Radial velocities: The Wilson-Evans-Batten catalogue.',1995,114,b'',hip 68637
b'1995GCTP..C......0V',b'GCTP',"b'The General Catalogue of Trigonometric Stellar Parallaxes, Fourth Edition.'",1995,-1,b'',hip 68637
b'1994A&AS..104..121H',b'A&AS',b'Reliable photometric reductions to the standard UBV (or uvby) system.',1994,104,b'',hip 68637
b'1991A&AS...89..429R',b'A&AS',b'General catalogue of Ap and Am stars.',1991,89,b'',hip 68637
b'1991TrSht..62..243G',b'TrSht',b'Catalogue of proper motions in the declination of stars of the Moscow zenith zone.',1991,62,b'',hip 68637
b'1990A&AS...85.1069S',b'A&AS',b'MK classification and photometry of stars used for time and latitude observations at Mizusawa and Washington.',1990,85,b'',hip 68637
b'1989PBeiO..14...12L',b'PBeiO',b'Third preliminary catalogue of stars observed with the photoelectric astrolabe of the Beijing Astronomical Observatory.',1989,14,b'',hip 68637
b'1989A&AS...81..127G',b'A&AS',b'Behaviour of OI triplet lambda-7773. II. Ap stars.',1989,81,b'',hip 68637
b'1987JApA....8..351L',b'JApA',b'Experiments with CP stars.',1987,8,b'10.1007/BF02714899',hip 68637
b'1987VilOB..76....8Z',b'VilOB',b'Determination of the effective temperatures of peculiar stars in the Vilnius photometric system.',1987,76,b'',hip 68637
b'1986PASP...98..927L',b'PASP',b'Carbon abundances and meridional mixing in rapidly rotating early-A stars.',1986,98,b'10.1086/131846',hip 68637
b'1985A&AS...60...99W',b'A&AS',b'The local system of early type stars. Spatial extent and kinematics.',1985,60,b'',hip 68637
b'1984TrSht..54..149T',b'TrSht',"b'The catalogue of the right ascensions of 200 stars, observed with theMoscow PZT during 1973.8 - 1981.0.'",1984,54,b'',hip 68637
b'1983A&A...117..347T',b'A&A',b'Empirical calibration of the RGU-system.',1983,117,b'',hip 68637
b'1983TrSht..55...40W',b'TrSht',b'A catalogue of declinations and proper motions of Moscow PZT stars.',1983,55,b'',hip 68637
b'1983A&AS...53...33L',b'A&AS',b'A physical study of the Ursa Major cluster (with special attention tothe peculiar A stars)',1983,53,b'',hip 68637
b'1980A&AS...40..207C',b'A&AS',b'Spectral classification from the ultraviolet line features of S2/68 spectra.',1980,40,b'',hip 68637
b'1980Ap&SS..69..401F',b'Ap&SS',b'Apparent radii and other parameters for 416 B5V-F5V stars of the catalogue of the Geneva Observatory.',1980,69,b'10.1007/BF00661927',hip 68637
b'1978BAICz..29...44M',b'BAICz',b'Photoelectric photometry at the Hvar Observatory. III. The Ap star CQ UMa.',1978,29,b'',hip 68637
b'1978A&AS...33...15C',b'A&AS',b'Spectral classification from the ultraviolet line features of S2/68 spectra III. Early A-type stars.',1978,33,b'',hip 68637
b'1977ATsir.969....7L',b'ATsir',b'Possibly near-by open clusters.',1977,969,b'',hip 68637
b'1975A&AS...19..189M',b'A&AS',b'Catalogue of early-type stars measured in a narrow-band photometric system.',1975,19,b'',hip 68637
b'1975AJ.....80.1026A',b'AJ',b'Interstellar circular polarization. II. Northern and southern hemisphere survey results and observational search criteria.',1975,80,b'10.1086/111834',hip 68637
b'1974ApJS...28..101D',b'ApJS',b'Rotational velocities of A0 stars.',1974,28,b'10.1086/190312',hip 68637
b'1973AJ.....78..192W',b'AJ',b'Uvby photometry of Am and Ap stars.',1973,78,b'10.1086/111397',hip 68637
b'1972A&AS....5..109C',b'A&AS',b'Four-color and H beta photometry for the brighter A0-type stars.',1972,5,b'',hip 68637
b'1972AN....294....1J',b'AN',b'Uber die veranderlichkeit der sterne des spektraltyps A.',1972,294,b'10.1002/asna.19722940102',hip 68637
b'1971ApJS...23..421H',b'ApJS',b'K-line photometry of southern A stars.',1971,23,b'10.1086/190245',hip 68637
b'1970A&AS....1..165J',b'A&AS',b'Photoelectric observations of early A stars.',1970,1,b'',hip 68637
b'1970A&AS....1..189F',b'A&AS',b'A catalogue of proper motions for 437 A stars.',1970,1,b'',hip 68637
b'1969ApJS...18...47H',b'ApJS',b'K-line photometry of A stars.',1969,18,b'10.1086/190184',hip 68637
b'1967JO.....50..425B',b'JO',"b""Observations spectrographiques d'etoiles A a spectre particulier et a raies metalliques.""",1967,50,b'',hip 68637
b'1966GeoOM..21....0C',b'GeoOM',b'Investigation of the magnetic and related stars through narrow-band photometry.',1966,21,b'',hip 68637
b'1960JO.....43..129B',b'JO',b'Catalogue et bibliographie des etoiles A a spectre particulier.',1960,43,b'',hip 68637
b'1959JO.....42...45B',b'JO',b'Catalogue et bibliographie des etoiles a spectre particulier.',1959,42,b'',hip 68637
b'1958ApJS....3..141B',b'ApJS',b'A catalog of magnetic stars.',1958,3,b'10.1086/190035',hip 68637
b'1951ApJ...113..437S',b'ApJ',b'Lines of neutral oxygen in the infrared spectra of peculiar A stars.',1951,113,b'10.1086/145412',hip 68637
b'1926ApJ....64..262D',b'ApJ',b'Spectroscopic magnitudes of A-type stars.',1926,64,b'10.1086/143011',hip 68637
b'2015A&A...580A..23P',b'A&A',b'A new catalogue of Stroemgren-Crawford uvby{beta} photometry.',2015,580,b'10.1051/0004-6361/201526413',tyc 3860-1483-1
b'2015ApJ...804..146D',b'ApJ',"b'The ages of early-type stars: Stromgren photometric methods calibrated, validated, tested, and applied to hosts and prospective hosts of directly imaged exoplanets.'",2015,804,b'10.1088/0004-637X/804/2/146',tyc 3860-1483-1
b'2014A&A...562A..65S',b'A&A',b'Spectrophotometric analysis of the 5200 {AA} region for peculiar and normal stars.',2014,562,b'10.1051/0004-6361/201322300',tyc 3860-1483-1
b'2014MNRAS.443.1629S',b'MNRAS',b'Interferometry of chemically peculiar stars: theoretical predictions versus modern observing facilities.',2014,443,b'10.1093/mnras/stu1259',tyc 3860-1483-1
b'2013A&A...553A..95M',b'A&A',b'A PCA approach to stellar effective temperatures.',2013,553,b'10.1051/0004-6361/201220961',tyc 3860-1483-1
b'2012AstL...38..694G',b'AstL',b'Spatial distribution and kinematics of OB stars.',2012,38,b'10.1134/S1063773712110035',tyc 3860-1483-1
b'2012ApJS..199....8G',b'ApJS',b'A compilation of interstellar column densities.',2012,199,b'10.1088/0067-0049/199/1/8',tyc 3860-1483-1
b'2012A&A...546A..61D',b'A&A',b'Radial velocities for the HIPPARCOS-Gaia Hundred-Thousand-Proper-Motion  project.',2012,546,b'10.1051/0004-6361/201219219',tyc 3860-1483-1
b'2012MNRAS.427..343M',b'MNRAS',b'Fundamental parameters and infrared excesses of Hipparcos stars.',2012,427,b'10.1111/j.1365-2966.2012.21873.x',tyc 3860-1483-1
b'2012AJ....143...28F',b'AJ',b'High ionization species in the nearby interstellar medium from an  exhaustive analysis of the IUE INES database.',2012,143,b'10.1088/0004-6256/143/2/28',tyc 3860-1483-1
b'2011MNRAS.414.2602D',b'MNRAS',b'Random forest automated supervised classification of Hipparcos periodic  variable stars.',2011,414,b'10.1111/j.1365-2966.2011.18575.x',tyc 3860-1483-1
b'2011SerAJ.182...35D',b'SerAJ',b'Corrected {mu}delta for stars of Hipparcos catalogue from independent latitude observations over many decades.',2011,182,b'10.2298/SAJ1182035D',tyc 3860-1483-1
b'2011MNRAS.415.1105S',b'MNRAS',b'Distance limits to intermediate- and high-velocity clouds.',2011,415,b'10.1111/j.1365-2966.2011.18647.x',tyc 3860-1483-1
b'2010A&A...510A..54W',b'A&A',b'New 3D gas density maps of NaI and CaII interstellar absorption within  300 pc.',2010,510,b'10.1051/0004-6361/200913202',tyc 3860-1483-1
b'2009A&A...498..961R',b'A&A',"b'Catalogue of Ap, HgMn and Am stars.'",2009,498,b'10.1051/0004-6361/200810788',tyc 3860-1483-1
b'2009AstBu..64..239R',b'AstBu',b'Magnetic fields of chemically peculiar stars. II: magnetic fields and rotation of stars with strong and weak anomalies in the continuum energy  distribution.',2009,64,b'10.1134/S1990341309030043',tyc 3860-1483-1
b'2009MNRAS.394.1338B',b'MNRAS',b'Catalogue of averaged stellar effective magnetic fields - II.  Re-discussion of chemically peculiar A and B stars.',2009,394,b'10.1111/j.1365-2966.2008.14227.x',tyc 3860-1483-1
b'2008A&A...491..545N',b'A&A',b'Chemically peculiar stars and their temperature calibration.',2008,491,b'10.1051/0004-6361:200810325',tyc 3860-1483-1
b'2008AstBu..63..139R',b'AstBu',b'Magnetic fields of chemically peculiar stars. I. The catalog of magnetic  CP stars.',2008,63,b'10.1134/S1990341308020053',tyc 3860-1483-1
b'2008MNRAS.385..481L',b'MNRAS',b'Effective temperatures of magnetic chemically peculiar stars from full  spectral energy distributions.',2008,385,b'10.1111/j.1365-2966.2008.12856.x',tyc 3860-1483-1
b'2008MNRAS.389..869E',b'MNRAS',b'A catalogue of multiplicity among bright stellar systems.',2008,389,b'10.1111/j.1365-2966.2008.13596.x',tyc 3860-1483-1
b'2008CoSka..38..353S',b'CoSka',b'Effective temperatures of magnetic CP stars: semi-fundamental data.',2008,38,b'',tyc 3860-1483-1
b'2007AN....328...10M',b'AN',b'On-line database of photometric observations of magnetic chemically peculiar stars.',2007,328,b'10.1002/asna.200610705',tyc 3860-1483-1
b'2007AstBu..62..244G',b'AstBu',b'Magnetic field dependence of chemical anomalies in CP stars.',2007,62,b'10.1134/S1990341307030054',tyc 3860-1483-1
b'2007PASP..119.1256A',b'PASP',b'uvby FCAPT photometry of six small-amplitude mCP stars.',2007,119,b'10.1086/523900',tyc 3860-1483-1
b'2007AJ....133..545R',b'AJ',b'Adaptive optics photometry and astrometry of binary stars. II. A multiplicity survey of B stars.',2007,133,b'10.1086/510335',tyc 3860-1483-1
b'2006AstL...32..759G',b'AstL',b'Pulkovo compilation of radial velocities for 35495 stars in a common system.',2006,32,b'10.1134/S1063773706110065',tyc 3860-1483-1
b'2006A&A...450..763K',b'A&A',b'Evolutionary state of magnetic chemically peculiar stars.',2006,450,b'10.1051/0004-6361:20054596',tyc 3860-1483-1
b'2005A&A...441..631P',b'A&A',b'On the detection of chemically peculiar stars using {Delta}a photometry.',2005,441,b'10.1051/0004-6361:20053001',tyc 3860-1483-1
b'2003A&A...411..447L',b'A&A',b'3D mapping of the dense interstellar gas around the Local Bubble.',2003,411,b'10.1051/0004-6361:20031214',tyc 3860-1483-1
b'2003A&A...407..631B',b'A&A',b'Catalogue of averaged stellar effective magnetic fields. I. Chemically peculiar A and B type stars.',2003,407,b'10.1051/0004-6361:20030741',tyc 3860-1483-1
b'2002Ap.....45..408G',b'Ap',b'Investigation of weakly magnetic CP stars. I.',2002,45,b'10.1023/A:1021842710087',tyc 3860-1483-1
b'2002A&A...392..637S',b'A&A',"b'A highly sensitive search for magnetic fields in B, A and F stars.'",2002,392,b'10.1051/0004-6361:20021192',tyc 3860-1483-1
b'2002ApJ...573..359A',b'ApJ',b'Rotational velocities of B stars.',2002,573,b'10.1086/340590',tyc 3860-1483-1
b'2002A&A...393..897R',b'A&A',b'Rotational velocities of A-type stars. II. Measurement of vsini in the northern hemisphere.',2002,393,b'10.1051/0004-6361:20020943',tyc 3860-1483-1
b'2001AJ....122.2008A',b'AJ',b'Are stellar rotational axes distributed randomly.',2001,122,b'10.1086/323300',tyc 3860-1483-1
b'2001A&A...367..521P',b'A&A',b'Catalogue of Apparent Diameters and Absolute Radii of Stars (CADARS) - Third edition - Comments and statistics.',2001,367,b'10.1051/0004-6361:20000451',tyc 3860-1483-1
b'2000A&A...355..308A',b'A&A',"b'On the effective temperatures, surface gravities and optical region fluxes of the CP stars.'",2000,355,b'',tyc 3860-1483-1
b'1998A&AS..128..573M',b'A&AS',b'{DELTA}a and Stroemgren photometry of stars in the Renson-catalogue of Ap and Am stars.',1998,128,b'10.1051/aas:1998164',tyc 3860-1483-1
b'1998A&AS..129..431H',b'A&AS',b'uvby{beta} photoelectric photometric catalogue.',1998,129,b'10.1051/aas:1998195',tyc 3860-1483-1
b'1998A&A...335..973W',b'A&A',b'Magnetic field models for A and B stars. V. The magnetic field and photometric variation of 84 Ursae Majoris.',1998,335,b'',tyc 3860-1483-1
b'1998A&A...335..565H',b'A&A',b'Investigation of the variability of bright Be stars using Hipparcos photometry.',1998,335,b'',tyc 3860-1483-1
b'1998A&AS..127..421C',b'A&AS',b'The observed periods of Ap and Bp stars.',1998,127,b'10.1051/aas:1998110',tyc 3860-1483-1
b'1998A&AS..132...93A',b'A&AS',"b'On the Hipparcos photometry of chemically peculiar B, A, and F stars.'",1998,132,b'10.1051/aas:1998361',tyc 3860-1483-1
b'1998A&AS..130..215S',b'A&AS',b'Effective temperatures of Ap stars.',1998,130,b'10.1051/aas:1998226',tyc 3860-1483-1
b'1996PAZh...22..917R',b'PAZh',b'Surface distribution of chromium on the CP2 star HD 220825 (kappa Psc).',1996,22,b'',tyc 3860-1483-1
b'1996A&AS..118..481B',b'A&AS',b'The ROSAT all-sky survey catalogue of optically bright OB-type stars.',1996,118,b'',tyc 3860-1483-1
b'1995ApJS...99..135A',b'ApJS',b'The relation between rotational velocities and spectral peculiarities among A-type stars.',1995,99,b'10.1086/192182',tyc 3860-1483-1
b'1995A&AS..114..269D',b'A&AS',b'Vitesses radiales. Catalogue WEB: Wilson Evans Batten. Radial velocities: The Wilson-Evans-Batten catalogue.',1995,114,b'',tyc 3860-1483-1
b'1994A&A...281..594C',b'A&A',b'Photometric calibration of the international Ultraviolet Explorer (IUE) for high resolution spectra.',1994,281,b'',tyc 3860-1483-1
b'1994BSAO...38..152G',b'BSAO',b'A new list of effective temperatures of chemically peculiar stars. II.',1994,38,b'',tyc 3860-1483-1
b'1994MNRAS.271..129M',b'MNRAS',b'The Cape rapidly oscillating Ap star survey - III. Null results of searches for high-overtone pulsation.',1994,271,b'10.1093/mnras/271.1.129',tyc 3860-1483-1
b'1994A&AS..105..125M',b'A&AS',b'Catalogue of CP stars with references to short time scale variability.',1994,105,b'',tyc 3860-1483-1
b'1994PASP..106..134R',b'PASP',b'Surface distribution of iron and chromium on 84 Ursae Majoris.',1994,106,b'10.1086/133357',tyc 3860-1483-1
b'1994A&A...291..825R',b'A&A',b'Doppler imaging of the Ap star 17 Comae Berenices.',1994,291,b'',tyc 3860-1483-1
b'1993AJ....105.1903N',b'AJ',b'A seven-year northern sky survey of Ap stars for rapid variability.',1993,105,b'10.1086/116565',tyc 3860-1483-1
b'1993A&A...268..653N',b'A&A',"b'On the determination of effective temperature and surface gravity of B, A, and F stars using Stromgren uvby-beta photometry.'",1993,268,b'',tyc 3860-1483-1
b'1993A&AS..101..393A',b'A&AS',b'Spectrophotometry of peculiar B and A stars. XIX. Variability of the magnetic CP stars.',1993,101,b'',tyc 3860-1483-1
b'1993A&A...269..403H',b'A&A',b'Effective temperature of Ap and Am stars from Geneva photometry.',1993,269,b'',tyc 3860-1483-1
b'1993BAAS...25..871W',b'BAAS',b'Doppler imaging of the Ap star 84 UMa.',1993,25,b'',tyc 3860-1483-1
b'1991A&A...249..401H',b'A&A',b'On the origin of the statistical correlation between rotation periods and apparent radii for CP 2 stars.',1991,249,b'',tyc 3860-1483-1
b'1991A&AS...89..429R',b'A&AS',b'General catalogue of Ap and Am stars.',1991,89,b'',tyc 3860-1483-1
b'1990Ap&SS.165..219R',b'Ap&SS',b'Spectrum variability of some selected bright CP stars on the main sequence.',1990,165,b'10.1007/BF00653290',tyc 3860-1483-1
b'1989A&A...220..105S',b'A&A',b'Radii and space orientation of the rotational axes of Ap stars.',1989,220,b'',tyc 3860-1483-1
b'1989A&AS...81..127G',b'A&AS',b'Behaviour of OI triplet lambda-7773. II. Ap stars.',1989,81,b'',tyc 3860-1483-1
b'1989PBeiO..14...12L',b'PBeiO',b'Third preliminary catalogue of stars observed with the photoelectric astrolabe of the Beijing Astronomical Observatory.',1989,14,b'',tyc 3860-1483-1
b'1989A&A...219..197S',b'A&A',b'Effective temperatures of Ap stars.',1989,219,b'',tyc 3860-1483-1
b'1988AN....309..181R',b'AN',b'A search for age-dependency of Ap star parameters.',1988,309,b'10.1002/asna.2113090310',tyc 3860-1483-1
b'1987VilOB..76....8Z',b'VilOB',b'Determination of the effective temperatures of peculiar stars in the Vilnius photometric system.',1987,76,b'',tyc 3860-1483-1
b'1987AISAO..25...13G',b'AISAO',b'Balmer discontinuities of chemically peculiar stars.',1987,25,b'',tyc 3860-1483-1
b'1986AISAO..21...30L',b'AISAO',b'Statistical investigation of chemically peculiar stars. II. The stars with the depression of continuum spectrum at lambda 5200 A.',1986,21,b'',tyc 3860-1483-1
b'1986AISAO..21...21L',b'AISAO',b'Statistical investigation of chemically peculiar stars. I. The stars with known periods.',1986,21,b'',tyc 3860-1483-1
b'1986AISAO..22...39G',b'AISAO',b'On the effective temperatures of chemically peculiar stars.',1986,22,b'',tyc 3860-1483-1
b'1986AISAO..23...37G',b'AISAO',b'The magnetic field and other parameters of the chemically peculiar stars. I.',1986,23,b'',tyc 3860-1483-1
b'1986NIA86.......71S',b'NIA86',b'Search for chromospheric MG II emission in Ap-type stars.',1986,-1,b'',tyc 3860-1483-1
b'1985A&AS...60...99W',b'A&AS',b'The local system of early type stars. Spatial extent and kinematics.',1985,60,b'',tyc 3860-1483-1
b'1985PASP...97..970A',b'PASP',b'On the ultraviolet energy distributions and the temperatures of peculiar B and A stars.',1985,97,b'10.1086/131650',tyc 3860-1483-1
b'1985AISAO..19...28G',b'AISAO',b'The investigation of the mean surface fields of the Ap stars.',1985,19,b'',tyc 3860-1483-1
b'1985AISAO..20...26G',b'AISAO',b'To the problem of the surface magnetic fields of the chemically peculiar stars.',1985,20,b'',tyc 3860-1483-1
b'1984A&AS...55..371C',b'A&AS',b'Catalogue des periodes observees pour des etoiles Ap.',1984,55,b'',tyc 3860-1483-1
b'1984A&A...141..328N',b'A&A',b'The rotation of Ap stars.',1984,141,b'',tyc 3860-1483-1
b'1984A&AS...58..387N',b'A&AS',b'Evidence of decay of the magnetic fields of Ap stars.',1984,58,b'',tyc 3860-1483-1
b'1984A&AS...57...55S',b'A&AS',b'Radial velocities of northern mercury stars.',1984,57,b'',tyc 3860-1483-1
b'1983A&AS...53...33L',b'A&AS',b'A physical study of the Ursa Major cluster (with special attention tothe peculiar A stars)',1983,53,b'',tyc 3860-1483-1
b'1982A&A...114...23H',b'A&A',b'Photometric properties of Ap stars in the Geneva system.',1982,114,b'',tyc 3860-1483-1
b'1982A&AS...47..341K',b'A&AS',"b'Picture gallery : a structured presentation of DAO-2 photometric data supported by OAO-2 spectrophotometric data and UBV, and TD1 observations.'",1982,47,b'',tyc 3860-1483-1
b'1981A&A...100...24G',b'A&A',b'The absolute magnitudes of the Ap stars.',1981,100,b'',tyc 3860-1483-1
b'1981A&A...101..176F',b'A&A',b'Effective temperature of Ap stars.',1981,101,b'',tyc 3860-1483-1
b'1981A&AS...44..265A',b'A&AS',"b'Spectrophotometry of peculiar B and A stars. X. HD 2453, HD 8441, HD 18078, HD 50169, HD 110066 and gamma Equulei.'",1981,44,b'',tyc 3860-1483-1
b'1981PASP...93..344B',b'PASP',b'Photometric UBV period study of eight Ap stars.',1981,93,b'10.1086/130836',tyc 3860-1483-1
b'1980ApJS...43..501C',b'ApJS',b'Ultraviolet photometry from the orbiting astronomical observatory. XXXIV. Filter photometry of 531 stars of diverse types.',1980,43,b'10.1086/190680',tyc 3860-1483-1
b'1980IBVS.1841....1W',b'IBVS',b'Is there a magnetic field-period relation for the hotter Ap-stars ?',1980,1841,b'',tyc 3860-1483-1
b'1980A&A....86..149A',b'A&A',"b'Spectrophotometry of peculiar B and A stars. V. HD 32650, 84 Ursa Majoris, HD 149822, 19 Lyrae, 4 Cygni, HD 196178, and 108 Aquarii.'",1980,86,b'',tyc 3860-1483-1
b'1980A&AS...41..111C',b'A&AS',b'Catalogue of photometric data related to surface magnetic fields for B-type stars.',1980,41,b'',tyc 3860-1483-1
b'1980Ap&SS..69..401F',b'Ap&SS',b'Apparent radii and other parameters for 416 B5V-F5V stars of the catalogue of the Geneva Observatory.',1980,69,b'10.1007/BF00661927',tyc 3860-1483-1
b'1979AJ.....84..857A',b'AJ',"b'Spectrophotometry of peculiar B and A stars. I. On the detection of the lam 4200 and lam 5200 broad, continuum features of peculiar A stars.'",1979,84,b'10.1086/112487',tyc 3860-1483-1
b'1978A&A....69..285H',b'A&A',b'Photometric parameters for Am and Ap stars.',1978,69,b'',tyc 3860-1483-1
b'1978A&A....66..187V',b'A&A',b'Ultraviolet photometric observations of Ap and Am stars.',1978,66,b'',tyc 3860-1483-1
b'1978A&AS...33...15C',b'A&AS',b'Spectral classification from the ultraviolet line features of S2/68 spectra III. Early A-type stars.',1978,33,b'',tyc 3860-1483-1
b'1977ATsir.969....7L',b'ATsir',b'Possibly near-by open clusters.',1977,969,b'',tyc 3860-1483-1
b'1977PASP...89..519G',b'PASP',b'A photoelectric peculiarity index in the Ap stars.',1977,89,b'10.1086/130154',tyc 3860-1483-1
b'1976A&AS...26...49H',b'A&AS',b'A photoelectric parameter of the peculiarity of the Ap stars.',1976,26,b'',tyc 3860-1483-1
b'1975AJ.....80.1026A',b'AJ',b'Interstellar circular polarization. II. Northern and southern hemisphere survey results and observational search criteria.',1975,80,b'10.1086/111834',tyc 3860-1483-1
b'1975IBVS..961....1K',b'IBVS',b'60th name-list of variable stars.',1975,961,b'',tyc 3860-1483-1
b'1974PASP...86..408B',b'PASP',b'Spectrum variations in the Ap-type stars. I. A survey of stars between 7h and 19h right ascension.',1974,86,b'10.1086/129624',tyc 3860-1483-1
b'1974ApJ...194...65W',b'ApJ',b'The manganese stars.',1974,194,b'10.1086/153224',tyc 3860-1483-1
b'1974PASP...86..241E',b'PASP',b'Luminosities and motions of peculiar B-type stars.',1974,86,b'10.1086/129594',tyc 3860-1483-1
b'1973AJ.....78..192W',b'AJ',b'Uvby photometry of Am and Ap stars.',1973,78,b'10.1086/111397',tyc 3860-1483-1
b'1973ApJS...25..137A',b'ApJS',b'The binary frequency for Ap stars.',1973,25,b'10.1086/190265',tyc 3860-1483-1
b'1973ApJ...185..577L',b'ApJ',b'Ultraviolet photometry from the Orbiting Astronomical Observatory. VIII. The blue Ap stars.',1973,185,b'10.1086/152440',tyc 3860-1483-1
b'1972ApJ...175..779A',b'ApJ',b'Rotational velocities of Ap stars.',1972,175,b'10.1086/151598',tyc 3860-1483-1
b'1972A&AS....5..109C',b'A&AS',b'Four-color and H beta photometry for the brighter A0-type stars.',1972,5,b'',tyc 3860-1483-1
b'1972AN....294....1J',b'AN',b'Uber die veranderlichkeit der sterne des spektraltyps A.',1972,294,b'10.1002/asna.19722940102',tyc 3860-1483-1
b'1970A&AS....1..165J',b'A&AS',b'Photoelectric observations of early A stars.',1970,1,b'',tyc 3860-1483-1
b'1970A&AS....1..189F',b'A&AS',b'A catalogue of proper motions for 437 A stars.',1970,1,b'',tyc 3860-1483-1
b'1970MNRAS.147...75D',b'MNRAS',b'Rotation and chemical abundances in the peculiar A stars. II.',1970,147,b'10.1093/mnras/147.1.75',tyc 3860-1483-1
b'1967JO.....50..425B',b'JO',"b""Observations spectrographiques d'etoiles A a spectre particulier et a raies metalliques.""",1967,50,b'',tyc 3860-1483-1
b'1966GeoOM..21....0C',b'GeoOM',b'Investigation of the magnetic and related stars through narrow-band photometry.',1966,21,b'',tyc 3860-1483-1
b'1960JO.....43..129B',b'JO',b'Catalogue et bibliographie des etoiles A a spectre particulier.',1960,43,b'',tyc 3860-1483-1
b'1959JO.....42...45B',b'JO',b'Catalogue et bibliographie des etoiles a spectre particulier.',1959,42,b'',tyc 3860-1483-1
b'1958ApJS....3..141B',b'ApJS',b'A catalog of magnetic stars.',1958,3,b'10.1086/190035',tyc 3860-1483-1
b'1958ZA.....45...35J',b'ZA',b'The position of the peculiar A-type stars in the color-absolute magnitude diagram.',1958,45,b'',tyc 3860-1483-1
b'1951ApJ...113..437S',b'ApJ',b'Lines of neutral oxygen in the infrared spectra of peculiar A stars.',1951,113,b'10.1086/145412',tyc 3860-1483-1
b'1933ApJ....77..330M',b'ApJ',b'Some evidence for the existence of a peculiar branch of the spectral sequence in the interval B8-F0.',1933,77,b'10.1086/143476',tyc 3860-1483-1
b'1926ApJ....64..262D',b'ApJ',b'Spectroscopic magnitudes of A-type stars.',1926,64,b'10.1086/143011',tyc 3860-1483-1
